path,N,percept_kappa,option_kappa,rep,seed,status,n_frames,n_omega,n_windows,Omega_mean,Omega_var,chi_mean,chi_var,chi_max,tau_mean,tau_var,tau_max,tau_max_over_W,corr_chi_tau,alpha_all,pref_all,r2_all,n_all_fit,log10_chi_range,log10_tau_range,n_loglog,corr_flip_chi,corr_flip_tau,flip_mean,flip_max,flip_qthr,n_flip_pos,n_hi,n_lo,corr_hi,corr_lo,alpha_hi,pref_hi,r2_hi,n_hi_fit,alpha_lo,pref_lo,r2_lo,n_lo_fit,hi_valid,lo_valid,has_switching
/home/hpc/Desktop/resonant_swarm_runs/position_records/N100/kappa_2p5/okappa_1p8/pos_rep00_seed10000000.npz,100,2.5,1.8,0,10000000,ok,100000,99999,149,-0.0425739623606205,0.5044748187065125,35.376448272383655,180.42093599243947,57.502371072769165,278.46611518301756,19036.69272008117,654.0900866343543,0.32704504331717715,0.7419156151745282,0.7064426626490203,21.376448343507963,0.6793316908659446,149,2.013849798336885,1.42131154227275,149,-0.12261723543842132,-0.26966898150226243,0.009545040976864271,0.026013006503251626,0.016008004002001,147,23,126,0.6452797071820973,0.7462854434252272,0.6271690360063749,25.363650209824076,0.417061853197216,23,0.7078512398679176,21.639023429432623,0.7002412175297295,126,True,True,True
/home/hpc/Desktop/resonant_swarm_runs/position_records/N100/kappa_2p5/okappa_1p8/pos_rep01_seed10000001.npz,100,2.5,1.8,1,10000001,ok,100000,99999,149,-0.1191074326634407,0.48925700783729553,37.81848171313337,167.0259268262271,58.12629461288452,301.007545073108,20036.40390846082,684.8101605125707,0.34240508025628535,0.7107145088681791,0.7490982577578101,18.985247712266183,0.6614981194851914,149,1.5073098957628825,1.3461319804190797,149,0.09946928165493463,-0.14175501440485594,0.008507609509452714,0.02351175587793897,0.01380690345172586,149,23,126,0.4248636751803534,0.7339873742961396,0.5664320141255869,31.566061120256723,0.1451088181441479,23,0.7604750988268597,18.758544010970507,0.701028934579244,126,True,True,True
/home/hpc/Desktop/resonant_swarm_runs/position_records/N100/kappa_2p5/okappa_1p8/pos_rep02_seed10000002.npz,100,2.5,1.8,2,10000002,ok,100000,99999,149,0.13482613861560822,0.4804525077342987,35.36192998290062,190.19431551640065,56.53233528137207,277.46291836785554,18594.17025375741,686.5595876472996,0.3432797938236498,0.7002118916358538,0.6689134147890947,24.563918149958035,0.630123457162106,149,1.6645537071993142,1.261767806767458,149,-0.03022777091521116,-0.1762188283818035,0.010505252626313157,0.030515257628814407,0.01848424212106053,148,23,126,0.3233048926398532,0.7244657387325495,0.44494631842521654,47.74035491955502,0.12518863529279722,23,0.6774815245556504,24.33609601662587,0.6753174056110937,126,True,True,True
/home/hpc/Desktop/resonant_swarm_runs/position_records/N100/kappa_2p5/okappa_1p8/pos_rep03_seed10000003.npz,100,2.5,1.8,3,10000003,ok,100000,99999,149,-0.09782936424016953,0.48987147212028503,36.42337400366196,205.24067398580513,56.759387254714966,293.1793967812323,20773.7630839001,690.8746786573159,0.34543733932865794,0.7013056391021604,0.6903576586471708,23.467678403127525,0.6131273025033026,149,1.5123997445598578,1.2405850583896476,149,-0.01113740639340234,-0.1975736128472398,0.009461106392122234,0.02751375687843922,0.016908454227113557,149,23,126,0.4157361643426794,0.7298155952649356,0.8682688901575862,9.805740160523019,0.28286480920204105,23,0.6924828710907099,24.366790806358743,0.6850410965404296,126,True,True,True
/home/hpc/Desktop/resonant_swarm_runs/position_records/N100/kappa_2p5/okappa_1p8/pos_rep04_seed10000004.npz,100,2.5,1.8,4,10000004,ok,100000,99999,149,-0.013741904869675636,0.49669742584228516,36.395115005289945,186.40786844327167,54.9927294254303,275.02592245770245,20397.49606631283,665.7803921784598,0.33289019608922993,0.7100878653713714,0.7383590321073151,18.391219529976464,0.6656633445914352,149,1.4688742165631443,1.235575534108622,149,-0.007645348843828369,-0.02480183792697432,0.009612188644657899,0.027013506753376687,0.016908454227113557,149,23,126,0.7364315641246362,0.7054330296473619,0.9560988520048327,8.342061279864332,0.6507339220153872,23,0.7214205040760714,19.649428002197258,0.6732984667338047,126,True,True,True
/home/hpc/Desktop/resonant_swarm_runs/position_records/N100/kappa_2p5/okappa_1p8/pos_rep05_seed10000005.npz,100,2.5,1.8,5,10000005,ok,100000,99999,149,-0.018698226660490036,0.5019164085388184,37.162118641372096,199.00688588637726,55.96019625663757,282.701640889978,21271.508540193397,690.394787664131,0.3451973938320655,0.674319713002456,0.7134083092316139,20.372750199973858,0.6164761490078111,149,1.3972461047457365,1.1835726764953804,149,-0.01745160906286362,-0.061522648792712624,0.009545040976864273,0.03751875937968985,0.016008004002001,149,25,124,0.4657945471987501,0.6854105611485759,0.8910961047987347,9.562511248677433,0.36712568302861326,25,0.7059789252482964,21.49720749163621,0.6564093529062254,124,True,True,True
/home/hpc/Desktop/resonant_swarm_runs/position_records/N100/kappa_2p5/okappa_1p8/pos_rep06_seed10000006.npz,100,2.5,1.8,6,10000006,ok,100000,99999,149,0.10283206403255463,0.48850536346435547,38.462980557233095,162.84263914467556,59.819525480270386,290.0592199179015,16120.158059995028,697.387126480786,0.348693563240393,0.6871284549676586,0.671010503628817,24.196682513110076,0.6305681460108487,149,1.7313664323776725,1.2582121756500824,149,0.05559490812751705,-0.24266328491326555,0.009390601340938927,0.027013506753376687,0.016008004002001,149,24,125,0.11510673952908457,0.7224027021830774,0.24817232192131095,98.30066234986948,0.015904878247256726,24,0.6882056570684404,23.49670947169277,0.6766998212984083,125,True,True,True
/home/hpc/Desktop/resonant_swarm_runs/position_records/N100/kappa_2p5/okappa_1p8/pos_rep07_seed10000007.npz,100,2.5,1.8,7,10000007,ok,100000,99999,149,-0.007393260020762682,0.49775394797325134,32.8852076908486,223.21817913018302,54.35827374458313,283.64430479916405,24124.25887738764,657.4144062212763,0.32870720311063817,0.7784958955493667,0.7054327345703003,23.113228695636845,0.6912385523659468,149,1.8386599678086428,1.3152711804037929,149,0.03194237713744396,-0.06393237171014046,0.01094506985036142,0.03451725862931466,0.017508754377188594,148,24,125,0.48705897369569995,0.8060255083804971,0.6187336697694653,31.57456471965443,0.2616668186652268,24,0.7085126924199454,22.809272990723162,0.7293448084226613,125,True,True,True
/home/hpc/Desktop/resonant_swarm_runs/position_records/N100/kappa_2p5/okappa_1p8/pos_rep08_seed10000008.npz,100,2.5,1.8,8,10000008,ok,100000,99999,149,-0.005306421313434839,0.510816752910614,37.08548496302292,185.7880631587051,58.61603021621704,298.0332982502408,22327.940135043566,681.2751679554467,0.34063758397772337,0.7147021676450372,0.6490788649120445,27.08238240833033,0.6257497064597211,149,1.9411796478832977,1.3828333665287142,149,-0.08882452329384773,-0.1574873349341649,0.008309523889461509,0.02751375687843922,0.015057528764382188,147,22,127,0.4382335833065577,0.7403907360011678,0.6949926480170812,21.244414605287805,0.16742927918668649,22,0.6466505980348628,27.720209936893834,0.6780398627742112,127,True,True,True
/home/hpc/Desktop/resonant_swarm_runs/position_records/N100/kappa_2p5/okappa_1p8/pos_rep09_seed10000009.npz,100,2.5,1.8,9,10000009,ok,100000,99999,149,0.05231413245201111,0.5093403458595276,37.36178141787348,192.78433409074,56.37901425361633,276.228835383911,18505.774215395842,657.6129839696724,0.3288064919848362,0.6990208926965946,0.6765443008283708,22.852848599325668,0.6068074812418787,149,1.2970040296751941,1.1575719972174077,149,-0.051602411174290444,-0.20968496718607052,0.009323453673145299,0.02351175587793897,0.015807903951975986,149,23,126,0.49487203049847367,0.7126117259905429,0.4768512458559123,43.11617992689323,0.2969091935436494,23,0.691036995492814,21.909923184830536,0.6363459993609748,126,True,True,True
/home/hpc/Desktop/resonant_swarm_runs/position_records/N100/kappa_2p5/okappa_1p8/pos_rep10_seed10000010.npz,100,2.5,1.8,10,10000010,ok,100000,99999,149,-0.12275176495313644,0.49189284443855286,34.78604924783811,239.26922642599186,56.86473250389099,300.1471764316783,26502.026201936253,702.508573005495,0.3512542865027475,0.7765580030810091,0.6915752077895685,24.9234953198474,0.8068087729643577,149,2.011830615276841,1.5094803762006324,149,0.23193465258318613,0.05072330949976123,0.008554612876908252,0.02751375687843922,0.015507753876938469,144,23,126,0.5533927943441946,0.8071171324670257,0.8129502664755094,14.8085703685552,0.48195513198920814,23,0.6907134760056777,25.455337818276927,0.838725851857583,126,True,True,True
/home/hpc/Desktop/resonant_swarm_runs/position_records/N100/kappa_2p5/okappa_1p8/pos_rep11_seed10000011.npz,100,2.5,1.8,11,10000011,ok,100000,99999,149,0.02586415223777294,0.5083404183387756,38.02795252331451,180.21499609237304,55.85554838180542,318.0144887109436,21313.56062004791,705.6321220522757,0.35281606102613783,0.7357636162469495,0.70501680618387,23.533823613801285,0.6822364935072356,149,2.037858308625674,1.6716193884359785,149,-0.16014568189717468,-0.20471387140172878,0.009101866369426325,0.04102051025512756,0.015007503751875938,147,24,125,0.7169305042193599,0.7298043384785949,0.9830988948103316,8.239924771779059,0.5660545029324042,24,0.6847490617794624,25.762833367420285,0.7077738443182955,125,True,True,True
/home/hpc/Desktop/resonant_swarm_runs/position_records/N100/kappa_2p5/okappa_1p8/pos_rep12_seed10000012.npz,100,2.5,1.8,12,10000012,ok,100000,99999,149,0.0008015546482056379,0.5012956857681274,36.459221662765984,228.6590304347229,56.16220235824585,299.41974164458486,24604.741611470152,686.794062595505,0.3433970312977525,0.7186765937517275,0.6675817312068325,25.929765058552757,0.6637553309795469,149,1.8337060694774394,1.3173104092096404,149,0.08051286347416606,-0.04840276720894289,0.010448177108688573,0.02801400700350175,0.016008004002001,148,24,125,0.561957292501001,0.738655808316951,0.8078987449063054,15.433856618207377,0.3383323375355124,24,0.6638869623244967,26.3571398550975,0.6969481567692173,125,True,True,True
/home/hpc/Desktop/resonant_swarm_runs/position_records/N100/kappa_2p5/okappa_1p8/pos_rep13_seed10000013.npz,100,2.5,1.8,13,10000013,ok,100000,99999,149,-0.026750454679131508,0.5090969800949097,38.00583322526224,153.63212015344197,58.40080380439758,307.3103286567211,19336.480405375572,690.8906027073173,0.34544530135365864,0.6781912965082519,0.6316567170074757,29.502345323266393,0.5725297021338032,149,2.084238110524589,1.269990756319799,149,-0.1217281581301944,-0.23636740723921518,0.008917210282993849,0.02801400700350175,0.015007503751875938,148,24,125,0.6046013000573738,0.6792644858187663,0.8962337533229849,10.365570890842365,0.4165791743146322,24,0.6135180832874053,32.25268843977556,0.6073694000698665,125,True,True,True
/home/hpc/Desktop/resonant_swarm_runs/position_records/N100/kappa_2p5/okappa_1p8/pos_rep14_seed10000014.npz,100,2.5,1.8,14,10000014,ok,100000,99999,149,0.024341605603694916,0.5020695328712463,37.92284739097493,169.1819419297822,56.67414665222168,278.612398019906,16164.449429691913,614.0225590739128,0.3070112795369564,0.6850475174435291,0.6353555059815824,26.568611667753217,0.5807924761132932,149,1.8415446327799438,1.4003441048621479,149,0.03364166982685497,-0.1911836184728041,0.009602116494488853,0.0240120060030015,0.015507753876938469,148,24,125,0.5569270527768423,0.6951313236420054,0.8439748324544624,11.013080543453741,0.2867838064391882,24,0.6361206830392861,27.176512499100397,0.6150189871960419,125,True,True,True
/home/hpc/Desktop/resonant_swarm_runs/position_records/N100/kappa_2p5/okappa_1p8/pos_rep15_seed10000015.npz,100,2.5,1.8,15,10000015,ok,100000,99999,149,0.015561503358185291,0.5030084252357483,35.18545748915948,228.640594194956,56.7050576210022,288.7461089130508,21383.215199601098,649.2373228736892,0.3246186614368446,0.7554522917972799,0.6778085465097732,25.042488358683347,0.7311990471091119,149,1.8376092632116492,1.3612058021397555,149,0.09764949047233554,0.0017882626264596937,0.009880779315832413,0.03151575787893947,0.015007503751875938,147,26,123,0.47780491838624883,0.7859865953604791,0.4934326588933537,45.23547384467185,0.22567436227900195,26,0.6878967631810972,24.50931809944705,0.769045877169938,123,True,True,True
/home/hpc/Desktop/resonant_swarm_runs/position_records/N100/kappa_2p5/okappa_1p8/pos_rep16_seed10000016.npz,100,2.5,1.8,16,10000016,ok,100000,99999,149,-0.049447398632764816,0.5124403834342957,36.05756801646828,198.34131868039697,55.92915415763855,285.4237688711868,17783.74269618985,626.4371621136455,0.31321858105682276,0.7033652776120541,0.6529114285896265,26.629547510847413,0.6385816660017656,149,1.6404756622747625,1.1312880474376017,149,0.1196988159922491,-0.014630160171980785,0.009219374788065175,0.026013006503251626,0.016508254127063533,149,24,125,0.5520155048174296,0.7281575898629166,0.6904989319512443,21.620334621733484,0.38508512820724516,24,0.6570437244375873,26.624298113766205,0.6697371409383185,125,True,True,True
/home/hpc/Desktop/resonant_swarm_runs/position_records/N100/kappa_2p5/okappa_1p8/pos_rep17_seed10000017.npz,100,2.5,1.8,17,10000017,ok,100000,99999,149,-0.011749722994863987,0.5004033446311951,36.32312126757714,219.68503461901105,56.83978199958801,264.44040989942886,20584.861405015454,688.9351708613101,0.34446758543065503,0.6918075061553212,0.5950608840745824,29.85712427252569,0.7068631936205194,149,2.1277062743168926,1.4960057582186552,149,0.04681970900667369,-0.2058925226918117,0.010199730737852148,0.03551775887943972,0.016508254127063533,144,27,122,0.3971209331344877,0.7188694406939918,0.7086990130813393,15.681018620042277,0.23863250221236154,27,0.606549978263743,30.29687108334726,0.7558209716705431,122,True,True,True
/home/hpc/Desktop/resonant_swarm_runs/position_records/N100/kappa_2p5/okappa_1p8/pos_rep18_seed10000018.npz,100,2.5,1.8,18,10000018,ok,100000,99999,149,0.013411176390945911,0.5187031030654907,36.17002944893285,223.18695799540714,58.16667079925537,286.9047127045952,20887.34636982101,697.8179979760888,0.3489089989880444,0.7329757063711765,0.6337057612306871,28.513303560742504,0.6819471190763016,149,1.8184165665546759,1.4927113151400648,149,0.048954223216043743,-0.012845300016961218,0.007399672990857845,0.026513256628314157,0.013481740870435218,148,23,126,0.38381250934405153,0.753179417310861,0.7602469461526736,18.11518967782183,0.15020411588368454,23,0.6328244497142801,28.606010514841735,0.7076246110333153,126,True,True,True
/home/hpc/Desktop/resonant_swarm_runs/position_records/N100/kappa_2p5/okappa_1p8/pos_rep19_seed10000019.npz,100,2.5,1.8,19,10000019,ok,100000,99999,149,0.14586569368839264,0.4888332188129425,35.43328198685542,231.01595387842656,57.594090700149536,265.8493081484962,17262.51108899716,665.7105084926184,0.3328552542463092,0.7012998643785685,0.6155960426910836,28.771974742007068,0.678172908578689,149,1.844013315185903,1.3513189489624406,149,-0.018866994339030687,-0.11125731516402618,0.008759413263678819,0.02451225612806403,0.015557778889444719,147,22,127,0.6202319518863021,0.7117652021918771,0.5340855344233241,32.83418969421565,0.4536789618804269,22,0.622960407284252,28.799226366469217,0.7036721376215767,127,True,True,True
/home/hpc/Desktop/resonant_swarm_runs/position_records/N200/kappa_2p5/okappa_1p8/pos_rep00_seed20000000.npz,200,2.5,1.8,0,20000000,ok,100000,99999,149,-0.18615160882472992,0.542062520980835,26.143568982338945,1496.8995677711443,121.04722261428833,181.16998372687854,40856.3122181867,709.116247953938,0.354558123976969,0.9834589500375556,0.46186544434510934,51.2521058816036,0.895851099290595,149,2.5774184505806077,1.4254029967828068,149,0.2655494774601427,0.28852716734137634,0.0012590187711305318,0.007503751875937969,0.00400200100050025,80,18,131,0.9426133984092249,0.9887503785599502,0.5336340237143969,40.28681178299415,0.8803102881864033,18,0.460809093209189,51.504406547903606,0.8908810297566232,131,True,True,True
/home/hpc/Desktop/resonant_swarm_runs/position_records/N200/kappa_2p5/okappa_1p8/pos_rep01_seed20000001.npz,200,2.5,1.8,1,20000001,ok,100000,99999,149,0.004229119513183832,0.5762317180633545,29.53395867757749,1758.5394364919755,115.85910320281982,189.52577844947612,43176.480431185824,693.2315337225763,0.34661576686128814,0.9835851377064121,0.4492580674921315,55.82035955069337,0.8955657067332033,149,2.4832321198840015,1.4270334560133568,149,0.5095124639263735,0.49445427212327464,0.0008997787484346199,0.013006503251625813,0.0037768884442221096,64,10,139,0.8307229715868056,0.9887194558290906,0.6594158116783995,23.21406710361043,0.8727684399974756,10,0.44745612102757504,55.939282560232606,0.8858339676072192,139,True,True,True
/home/hpc/Desktop/resonant_swarm_runs/position_records/N200/kappa_2p5/okappa_1p8/pos_rep02_seed20000002.npz,200,2.5,1.8,2,20000002,ok,100000,99999,149,0.07216142863035202,0.5714658498764038,36.346031425227004,1849.4411448612368,119.9760913848877,223.266157121508,48644.18324856945,688.2768551099281,0.34413842755496404,0.9816110106996756,0.4884538035241287,46.99111854308914,0.9156145373255054,149,2.5122983788077815,1.508363657827953,149,0.30052744908718027,0.31945014883347744,0.001077720068087735,0.0065032516258129065,0.003501750875437719,91,18,131,0.9704009055845763,0.9830729955381324,0.5158297517522459,46.629922187508114,0.8514735320515368,18,0.48284162325691954,46.88285710772609,0.9120222286950119,131,True,True,True
/home/hpc/Desktop/resonant_swarm_runs/position_records/N200/kappa_2p5/okappa_1p8/pos_rep03_seed20000003.npz,200,2.5,1.8,3,20000003,ok,100000,99999,149,0.044902969151735306,0.5783511996269226,37.876338878921516,2042.7647912274065,119.15097236633301,240.65277749852683,55071.14702735676,713.1547289464431,0.3565773644732216,0.9805383995972397,0.46312226908756904,56.18887536478189,0.9092088999389096,149,2.5642096162535686,1.4260831259087186,149,0.29613381775461345,0.3346573702500189,0.0008729196813171686,0.0065032516258129065,0.00400200100050025,78,14,135,0.9338886659224307,0.9848598779143848,0.653184492147022,28.166104368300406,0.9085465090393816,14,0.4582231231511737,56.39452958006666,0.9039625211542919,135,True,True,True
/home/hpc/Desktop/resonant_swarm_runs/position_records/N200/kappa_2p5/okappa_1p8/pos_rep04_seed20000004.npz,200,2.5,1.8,4,20000004,ok,100000,99999,149,0.01865411177277565,0.5755215883255005,23.7914619134464,1303.9448056192366,116.8453574180603,169.8498419318305,34743.91891641547,673.9144943944973,0.3369572471972486,0.9679936936346628,0.44613649572835856,53.255841187229386,0.8754275176282988,149,2.550906409180249,1.392164556394164,149,0.3684902239517136,0.3995662158377057,0.0012892352216376643,0.007003501750875438,0.0050025012506253125,74,13,136,0.9123892259520388,0.971985336137052,0.5040698851233366,47.93064845377898,0.8680822049353913,13,0.440391594275327,53.17972828567943,0.8637940231434876,136,True,True,True
/home/hpc/Desktop/resonant_swarm_runs/position_records/N200/kappa_2p5/okappa_1p8/pos_rep05_seed20000005.npz,200,2.5,1.8,5,20000005,ok,100000,99999,149,-0.017821233719587326,0.5718652606010437,43.71452834957198,1915.9051508907366,116.53560400009155,261.86866265252297,52094.29292208752,694.635586270502,0.347317793135251,0.968769858028715,0.4668439418904832,52.867613709154654,0.9233031825704695,149,2.5497700412013433,1.417082353415651,149,0.371366986784749,0.37694847475562765,0.0015276094423050449,0.01250625312656328,0.0050025012506253125,92,16,133,0.8145963570438256,0.9772555000499629,0.5183228039911078,44.49751454121197,0.5862472995066319,16,0.4645085278954595,52.89100603643611,0.9258576591495842,133,True,True,True
/home/hpc/Desktop/resonant_swarm_runs/position_records/N200/kappa_2p5/okappa_1p8/pos_rep06_seed20000006.npz,200,2.5,1.8,6,20000006,ok,100000,99999,149,0.03298250213265419,0.564251184463501,40.370620099433864,1878.112529280794,116.32380485534668,245.25890930132593,47324.99414899389,714.4249805693482,0.3572124902846741,0.9608125673860195,0.47004589488223375,51.0622909268875,0.9079856287938273,149,2.509633502352536,1.5261596973667866,149,0.31382289514352146,0.33648209946770646,0.001504107758577275,0.013006503251625813,0.00400200100050025,92,19,130,0.8030185506642775,0.9712380096526282,0.6393285833406983,24.263516024956743,0.8090113308972811,19,0.47259464014928315,51.450082250638474,0.9077573287795556,130,True,True,True
/home/hpc/Desktop/resonant_swarm_runs/position_records/N200/kappa_2p5/okappa_1p8/pos_rep07_seed20000007.npz,200,2.5,1.8,7,20000007,ok,100000,99999,149,0.054682452231645584,0.5697111487388611,37.867458780677424,1903.6946185652914,121.11903429031372,220.96602837787424,41310.59570639774,681.7880584836394,0.34089402924181966,0.9568383915195201,0.4634548369339227,50.2849949086167,0.9274728282890189,149,2.482274921792997,1.4087458838889222,149,0.27980653504577535,0.2462842880394996,0.0013865993399384254,0.009504752376188095,0.004802401200600297,97,15,134,0.9224780563128763,0.9646362450982994,0.46298031387251903,45.23858335155703,0.8626819581579299,15,0.4675198912450768,50.483663430558046,0.92826831433181,134,True,True,True
/home/hpc/Desktop/resonant_swarm_runs/position_records/N200/kappa_2p5/okappa_1p8/pos_rep08_seed20000008.npz,200,2.5,1.8,8,20000008,ok,100000,99999,149,0.030202742666006088,0.5791771411895752,42.30936702712745,1980.5171007335673,117.0549750328064,253.62033595167495,53275.50698558722,710.8731532587162,0.3554365766293581,0.9790759087823254,0.46956809734867877,53.052980964968256,0.917055125714955,149,2.5431045513315778,1.5425426603479004,149,0.462417579372527,0.45551999039260227,0.0009501394992798413,0.005502751375687844,0.0030015007503751876,86,17,132,0.9028416805634515,0.9850017263492332,0.8321039578309939,11.664037024268591,0.9467976152426233,17,0.4677525399633305,53.99916285602722,0.922457870929044,132,True,True,True
/home/hpc/Desktop/resonant_swarm_runs/position_records/N200/kappa_2p5/okappa_1p8/pos_rep09_seed20000009.npz,200,2.5,1.8,9,20000009,ok,100000,99999,149,0.2894919514656067,0.49259746074676514,31.172377378961084,1716.5118435914108,115.63436985015869,202.05993739415013,44244.91280695587,693.2247227255466,0.3466123613627733,0.9725503630061768,0.4651415076466453,51.706615561634074,0.9033634901724235,149,2.630701808904866,1.5754501608013294,149,0.41090522067695057,0.3706479176839909,0.0009534968826695226,0.007003501750875438,0.0038019009504752345,77,12,137,0.8444159894540431,0.9853486673768875,0.5004040540500772,39.01043591028213,0.8359046372259267,12,0.4706686827143037,51.94005334230277,0.9025243203614738,137,True,True,True
/home/hpc/Desktop/resonant_swarm_runs/position_records/N200/kappa_2p5/okappa_1p8/pos_rep10_seed20000010.npz,200,2.5,1.8,10,20000010,ok,100000,99999,149,-0.0209504384547472,0.5780936479568481,36.477517263163755,1850.3817295445342,116.63403511047363,220.6625128657733,47425.04464652878,680.452038576876,0.340226019288438,0.9756344272750084,0.46408734096882576,50.042239686428935,0.8980816274503097,149,2.49053970827331,1.437041386409004,149,0.5046945981449221,0.4789166586574256,0.0009534968826695226,0.007503751875937969,0.0026263131565782893,86,13,136,0.8981633257209789,0.9794155768721289,0.6634051873799044,23.10345782784677,0.8513978833174477,13,0.45967397141782523,50.28444468259399,0.8931491645566927,136,True,True,True
/home/hpc/Desktop/resonant_swarm_runs/position_records/N200/kappa_2p5/okappa_1p8/pos_rep11_seed20000011.npz,200,2.5,1.8,11,20000011,ok,100000,99999,149,0.012849412858486176,0.5818074941635132,26.73544036255737,1499.9785276817756,118.19928884506226,169.4795233278563,35266.22910249907,679.1999020409031,0.33959995102045154,0.9651577793341195,0.4471343679896189,49.732504828133614,0.8823812160520241,149,2.5133986473299994,1.529988717767703,149,0.32263177196683673,0.3060445866955338,0.000819201547082266,0.009004502251125562,0.0030015007503751876,71,12,137,0.8122845485100024,0.9736629486108375,0.5285694073998488,33.608046336712476,0.7313170587299318,12,0.4506107878942668,50.000486021997936,0.8823442257281846,137,True,True,True
/home/hpc/Desktop/resonant_swarm_runs/position_records/N200/kappa_2p5/okappa_1p8/pos_rep12_seed20000012.npz,200,2.5,1.8,12,20000012,ok,100000,99999,149,-0.24945586919784546,0.5231794714927673,26.330869920370514,1622.6839344033085,120.64353227615356,176.11246434817556,45037.523033391946,687.7266782009327,0.34386333910046635,0.9854298404134106,0.47912194173121003,48.311132828456444,0.900005699302056,149,2.5328688794052314,1.5179608310619808,149,0.40495562301271926,0.4089168896447771,0.0006311880772601065,0.004502251125562781,0.0025012506253126563,69,12,137,0.9264627120211456,0.9921236140789614,0.6461073452262395,25.48819929867398,0.9242645135476223,12,0.4766771055355525,48.95116985566296,0.8994137949457808,137,True,True,True
/home/hpc/Desktop/resonant_swarm_runs/position_records/N200/kappa_2p5/okappa_1p8/pos_rep13_seed20000013.npz,200,2.5,1.8,13,20000013,ok,100000,99999,149,0.0711236372590065,0.570095419883728,38.097487144240944,1958.103387016816,120.93476057052612,237.40159336342796,50193.11397779898,703.54006198569,0.35177003099284504,0.9746283311376628,0.47079507496642414,51.815693770041136,0.9057318622704337,149,2.5103697103369145,1.491979773089711,149,0.39846661911600867,0.4062365360721165,0.0013127369053654344,0.0080040020010005,0.00400200100050025,90,15,134,0.9165569921136039,0.9780293276563949,0.5217707276800428,48.71187408511954,0.9479643208666644,15,0.46244290508154484,51.8281569631185,0.8963007036594576,134,True,True,True
/home/hpc/Desktop/resonant_swarm_runs/position_records/N200/kappa_2p5/okappa_1p8/pos_rep14_seed20000014.npz,200,2.5,1.8,14,20000014,ok,100000,99999,149,-0.132868230342865,0.558100163936615,39.38695435996649,1968.989719480073,117.3031210899353,234.20277218576163,48376.10684751976,681.4866518334243,0.34074332591671214,0.9701323769212145,0.47188325331677866,49.98841180782133,0.9070529747322214,149,2.570643291069078,1.5092300092464088,149,0.2996093445432759,0.2806272841467313,0.0011784415697781777,0.007003501750875438,0.003501750875437719,89,16,133,0.8871990245889354,0.9781586171738189,0.6969638179665394,19.368732297346966,0.8526866245238025,16,0.47237127692684266,50.71212211082603,0.9121596461711816,133,True,True,True
/home/hpc/Desktop/resonant_swarm_runs/position_records/N200/kappa_2p5/okappa_1p8/pos_rep15_seed20000015.npz,200,2.5,1.8,15,20000015,ok,100000,99999,149,-0.005406481213867664,0.5844998955726624,26.0569117083558,1578.267182321549,121.45059108734131,175.8577962216731,40170.70304562877,676.8001110944617,0.33840005554723085,0.9832542055794037,0.45372318874468576,53.04285049425393,0.8846028140894336,149,2.5856835476725633,1.4323105192029824,149,0.2566703364260063,0.2909875808054968,0.0009165656653830273,0.01150575287643822,0.00400200100050025,70,12,137,0.8931088993224098,0.9899258159499144,0.5154005049026602,41.85889749122461,0.8174274210898971,12,0.4539582421887915,53.238797925753154,0.8817546608250454,137,True,True,True
/home/hpc/Desktop/resonant_swarm_runs/position_records/N200/kappa_2p5/okappa_1p8/pos_rep16_seed20000016.npz,200,2.5,1.8,16,20000016,ok,100000,99999,149,0.27328699827194214,0.5102575421333313,21.979652445969617,1428.1229877783924,114.59870338439941,156.14773733309002,35696.87585238222,693.4629854498284,0.34673149272491416,0.9774236281917311,0.43422619615516844,55.72529962822564,0.836969129803106,149,2.5138925580289064,1.4214817102507042,149,0.5390838044987876,0.457501622423129,0.00042638769048954,0.003501750875437719,0.002001000500250125,57,12,137,0.934246256170173,0.9823417751111563,0.7695790006969393,13.40330069459202,0.9258130692271882,12,0.43727130834593225,56.3470216841789,0.8273846233895217,137,True,True,True
/home/hpc/Desktop/resonant_swarm_runs/position_records/N200/kappa_2p5/okappa_1p8/pos_rep17_seed20000017.npz,200,2.5,1.8,17,20000017,ok,100000,99999,149,-0.16549909114837646,0.5499299168586731,28.03820447805619,1631.4957261432062,120.91774940490723,188.51217544420763,43951.95937608155,709.2035544809021,0.35460177724045105,0.9714668721430202,0.4731228370349955,52.00090854014745,0.9122373319667139,149,2.5707749455554443,1.4541017704364863,149,0.5533563901879159,0.511597816339507,0.0009669264162282483,0.009004502251125562,0.0041270635317658825,66,10,139,0.6837998903673366,0.9816830536687847,1.0792396164552156,3.6641216533422827,0.36849087448897055,10,0.47425678266309,52.08339682623509,0.9147116666973147,139,True,True,True
/home/hpc/Desktop/resonant_swarm_runs/position_records/N200/kappa_2p5/okappa_1p8/pos_rep18_seed20000018.npz,200,2.5,1.8,18,20000018,ok,100000,99999,149,0.2588883340358734,0.5165560841560364,28.239045613257826,1683.79434494945,120.90097665786743,188.0094520295539,43434.78732724252,707.125770394556,0.35356288519727797,0.9765845425535808,0.460667322192593,54.208674437325065,0.9118281841954,149,2.5059575818742745,1.4767718504186569,149,0.54280340891752,0.5529262653272068,0.0008225589304719475,0.004502251125562781,0.003501750875437719,66,14,135,0.893096161830373,0.9772867852752095,0.8655715406695345,10.75665840934025,0.8590233227478636,14,0.4471137901452164,54.21419691093277,0.8945266788757273,135,True,True,True
/home/hpc/Desktop/resonant_swarm_runs/position_records/N200/kappa_2p5/okappa_1p8/pos_rep19_seed20000019.npz,200,2.5,1.8,19,20000019,ok,100000,99999,149,-0.1825471818447113,0.5431122779846191,43.29506394034564,1923.5425822718335,117.4308180809021,248.75501533164208,47910.52106676197,688.1748032516568,0.3440874016258284,0.9679506283000026,0.45859909702472906,51.08712083397109,0.8967326079900124,149,2.444788486600969,1.5020800995536252,149,0.2675042974146491,0.17991567068179964,0.0008662049145378058,0.004502251125562781,0.0028014007003501723,97,15,134,0.8741781956606631,0.9759334192573929,0.5980510920834529,24.180594223020158,0.8803885750211423,15,0.46164245252396,52.228503247363676,0.9065704197238035,134,True,True,True
/home/hpc/Desktop/resonant_swarm_runs/position_records/N300/kappa_2p5/okappa_1p8/pos_rep00_seed30000000.npz,300,2.5,1.8,0,30000000,ok,100000,99999,149,-0.2048497498035431,0.5329183340072632,24.5511440676637,2575.586257500821,167.68539547920227,154.8955327972788,30425.387107775416,691.7534875462101,0.345876743773105,0.9807440510783371,0.36345729495325163,73.88334783949948,0.799629322430438,149,2.739900462350732,1.383681651852473,149,0.3387445418746414,0.3418132126917587,0.0003760269396443188,0.0065032516258129065,0.00400200100050025,38,7,142,0.993108101620062,0.9794993166372418,0.5798530124723823,30.253450484853175,0.9143554977739721,7,0.3651945383897969,74.59214443732651,0.7990636823734566,142,True,True,True
/home/hpc/Desktop/resonant_swarm_runs/position_records/N300/kappa_2p5/okappa_1p8/pos_rep01_seed30000001.npz,300,2.5,1.8,1,30000001,ok,100000,99999,149,0.324825644493103,0.4689127802848816,18.015888614358143,1936.9461322399188,175.71714520454407,137.1610562591495,22539.408699588268,669.3419534172745,0.3346709767086372,0.9666430508717125,0.35382612344351144,77.93620697310087,0.7462181430507531,149,2.7032134136000763,1.4042964966297846,149,0.5620532977521717,0.5211820420417813,0.000265233287784832,0.0030015007503751876,0.0025012506253126563,28,6,143,0.9704705335081009,0.9647497130381802,0.5828584223399143,27.18161781638188,0.659608336782021,6,0.36062827302423006,78.41498570106651,0.7445898558728875,143,True,True,True
/home/hpc/Desktop/resonant_swarm_runs/position_records/N300/kappa_2p5/okappa_1p8/pos_rep02_seed30000002.npz,300,2.5,1.8,2,30000002,ok,100000,99999,149,-0.028591863811016083,0.57000333070755,30.94762064455602,3016.6830569584986,177.176696062088,175.26026231627273,36302.06919693759,680.4616755168065,0.34023083775840324,0.97790738768554,0.37263564580478603,70.49241119435636,0.8170999790621228,149,2.701408827725481,1.3659807912415973,149,0.2408601312652878,0.29155465416250625,0.00038609908981336306,0.011005502751375688,0.0017008504252126054,45,7,142,0.8659449728874665,0.9808588534638758,0.39406548232240873,58.39719020601734,0.5833078601928536,7,0.37534250503457506,70.67704855050555,0.8144979530129313,142,True,True,True
/home/hpc/Desktop/resonant_swarm_runs/position_records/N300/kappa_2p5/okappa_1p8/pos_rep03_seed30000003.npz,300,2.5,1.8,3,30000003,ok,100000,99999,149,0.08412143588066101,0.564616322517395,23.505235095227125,2366.7989304621365,168.7357485294342,149.10319801581704,28021.194623256702,665.5726743004944,0.33278633715024725,0.9670656018211696,0.35899426438419574,73.09093391727569,0.7775735927958064,149,2.715181771767202,1.3602734613830012,149,0.5044160512254978,0.5285959369470358,0.00038609908981336306,0.005502751375687844,0.0029514757378689338,38,6,143,0.9846906341922097,0.9656710584270561,1.0379056490768612,3.7976245702483915,0.9825850653841283,6,0.35645155902342285,73.38833495197467,0.7655792197519278,143,True,True,True
/home/hpc/Desktop/resonant_swarm_runs/position_records/N300/kappa_2p5/okappa_1p8/pos_rep04_seed30000004.npz,300,2.5,1.8,4,30000004,ok,100000,99999,149,0.03250033035874367,0.5710565447807312,30.20340953601974,2888.9026869254963,174.6506631374359,173.19791124864102,32038.61337044105,685.0543455746279,0.3425271727873139,0.9774831312282249,0.34157387476411866,76.92727856872838,0.8022794650380181,149,2.670136666691861,1.347947199587453,149,0.4811607351902234,0.4596900282443194,0.00037266955625463736,0.0030015007503751876,0.002001000500250125,48,9,140,0.9800424111021977,0.9771421529493743,0.4619536408314541,47.61048580921349,0.9037408258839861,9,0.341023983044959,77.58315160755704,0.7973783369777367,140,True,True,True
/home/hpc/Desktop/resonant_swarm_runs/position_records/N300/kappa_2p5/okappa_1p8/pos_rep05_seed30000005.npz,300,2.5,1.8,5,30000005,ok,100000,99999,149,-0.1775697022676468,0.543099045753479,20.368679822656958,2218.405060550077,167.3808753490448,151.63202320696766,26050.83108470889,669.2034199593727,0.33460170997968636,0.9583518683963539,0.34259778720724016,81.49313578402257,0.7087850872596935,149,2.622231558986306,1.3842198755525819,149,0.42152943230993684,0.3917231964913314,0.00026523328778483196,0.004502251125562781,0.0018009004502251113,37,6,143,0.9730048740651218,0.95633660061796,0.588156916365869,26.19084264513391,0.826726900391693,6,0.348917889331473,81.97238478224163,0.7021505101993419,143,True,True,True
/home/hpc/Desktop/resonant_swarm_runs/position_records/N300/kappa_2p5/okappa_1p8/pos_rep06_seed30000006.npz,300,2.5,1.8,6,30000006,ok,100000,99999,149,-0.26767924427986145,0.5029983520507812,29.488347545375536,2753.884352207293,176.33187174797058,164.79376457278036,30382.379031322915,689.928738928594,0.34496436946429704,0.9650827534306674,0.3467772615097972,72.01431796919654,0.7515569260169517,149,2.6838518303700827,1.5000515237862138,149,0.4255562371315194,0.35940550830799134,0.00038274170642368157,0.0050025012506253125,0.002001000500250125,48,13,136,0.9574689084039175,0.9679369249742025,0.6822582723000822,14.690840672142183,0.8856696114108269,13,0.36284496451569376,72.83440978307499,0.7494616472958584,136,True,True,True
/home/hpc/Desktop/resonant_swarm_runs/position_records/N300/kappa_2p5/okappa_1p8/pos_rep07_seed30000007.npz,300,2.5,1.8,7,30000007,ok,100000,99999,149,0.13253416121006012,0.552058219909668,21.46519964995275,2104.705265993312,173.35079312324524,146.46050918752695,24623.39973091765,676.5494543931533,0.33827472719657664,0.9737157897633703,0.33637265700132635,73.24914453618156,0.741163416834403,149,2.7278142983417353,1.3528984658266354,149,0.29900190882272454,0.3165684847626606,0.0006076863935323366,0.007003501750875438,0.0030015007503751876,48,11,138,0.9601996377928177,0.9747823383111272,0.5217344138013725,37.16538766611069,0.9232156923663805,11,0.3380225821644959,73.78823519900195,0.7269596109830481,138,True,True,True
/home/hpc/Desktop/resonant_swarm_runs/position_records/N300/kappa_2p5/okappa_1p8/pos_rep08_seed30000008.npz,300,2.5,1.8,8,30000008,ok,100000,99999,149,0.18846943974494934,0.5299749970436096,29.944759209940347,2842.8957240086943,166.80509448051453,175.3372854417276,34060.77293601622,696.7220451107959,0.3483610225553979,0.9692516549151498,0.36414428285332034,73.25338308141933,0.8376037846756765,149,2.6860135710122037,1.4596648994723216,149,0.28888077208378715,0.3390662180315467,0.0004364598406585843,0.0065032516258129065,0.0025012506253126563,53,10,139,0.9937858782883099,0.9706233414627339,0.512987536278031,44.386846134811286,0.9559408916287258,10,0.3626004967152571,73.42402128810599,0.8272259756478209,139,True,True,True
/home/hpc/Desktop/resonant_swarm_runs/position_records/N300/kappa_2p5/okappa_1p8/pos_rep09_seed30000009.npz,300,2.5,1.8,9,30000009,ok,100000,99999,149,-0.2370370626449585,0.5143914222717285,28.382150131127727,2914.792507212307,176.5868067741394,160.7545763220367,31881.631545808366,686.1025783692908,0.3430512891846454,0.9622122317643029,0.37525088703355286,67.70534802340524,0.8139320582475771,149,2.5904064411601895,1.295028835812571,149,0.3755509876870067,0.353554718126258,0.0002853775881229205,0.00400200100050025,0.002001000500250125,40,8,141,0.9724908583312246,0.965793900005452,0.36349508920462176,57.50466529741177,0.9613726017631484,8,0.38134606347655564,68.0436030963218,0.8115674244629145,141,True,True,True
/home/hpc/Desktop/resonant_swarm_runs/position_records/N300/kappa_2p5/okappa_1p8/pos_rep10_seed30000010.npz,300,2.5,1.8,10,30000010,ok,100000,99999,149,0.0970451608300209,0.5618712902069092,19.92186343972415,2026.1470203726349,173.31408262252808,140.63927519297084,24680.22707870832,699.7019894273991,0.34985099471369957,0.9754509955235242,0.345843365317453,72.76607778292731,0.750638395816092,149,2.6880803333168486,1.3355338788042919,149,0.16137940305779125,0.18742314524630158,0.0004096007735411329,0.0080040020010005,0.0015007503751875938,42,11,138,0.9670883322164174,0.973546613778906,0.5146752078376666,38.377006565376625,0.7967823876114969,11,0.34043569261831674,73.0970742947897,0.7112587567695826,138,True,True,True
/home/hpc/Desktop/resonant_swarm_runs/position_records/N300/kappa_2p5/okappa_1p8/pos_rep11_seed30000011.npz,300,2.5,1.8,11,30000011,ok,100000,99999,149,-0.10802611708641052,0.558270275592804,28.935154186383564,2757.5674063083475,172.2504436969757,173.6856118759236,34759.08008825127,715.6755873946208,0.3578377936973104,0.9799800011673299,0.3656832326318088,73.78159768469273,0.8142132795700177,149,2.714236788790113,1.3471957902065166,149,0.4296541880758243,0.43181591839501726,0.00043981722404826573,0.0065032516258129065,0.002001000500250125,46,10,139,0.9968724410132761,0.9772891396764596,0.6162427018984681,27.100179752013226,0.9810423061628312,10,0.3634892040996678,74.6019309997544,0.8045188070283945,139,True,True,True
/home/hpc/Desktop/resonant_swarm_runs/position_records/N300/kappa_2p5/okappa_1p8/pos_rep12_seed30000012.npz,300,2.5,1.8,12,30000012,ok,100000,99999,149,-0.031037192791700363,0.5764437913894653,21.171452284668693,2230.3593859161247,174.1639494895935,147.2527699428152,26909.41491076789,696.2326874606863,0.34811634373034317,0.9770412469585321,0.3601068519841563,79.62907216425558,0.810495376235928,149,2.6495557068767637,1.4752294137605408,149,0.6223811946095352,0.5927022366784441,0.0002316594538880178,0.003501750875437719,0.0025012506253126563,28,6,143,0.9679371108040556,0.9756302849401616,0.6066578387529955,25.026084981639297,0.9006167474644735,6,0.36245494778450715,79.88299418637834,0.7911079716099536,143,True,True,True
/home/hpc/Desktop/resonant_swarm_runs/position_records/N300/kappa_2p5/okappa_1p8/pos_rep13_seed30000013.npz,300,2.5,1.8,13,30000013,ok,100000,99999,149,-0.3389836251735687,0.4552489221096039,22.532812703944643,2393.7444426069355,167.84076690673828,149.47651024414424,26702.533389106342,684.7512114376223,0.34237560571881115,0.9695351239021537,0.35071124807246157,74.98415241115298,0.7817509009796695,149,2.6277499742937387,1.2901333147325134,149,0.3673141480044948,0.37173477321808984,0.0002585185210054692,0.0030015007503751876,0.0018009004502251113,37,6,143,0.8328352041086318,0.9713415931629664,0.5353713979888066,43.428789487704584,0.7133136726670756,6,0.35242729531753036,75.18815940443625,0.7798706410968421,143,True,True,True
/home/hpc/Desktop/resonant_swarm_runs/position_records/N300/kappa_2p5/okappa_1p8/pos_rep14_seed30000014.npz,300,2.5,1.8,14,30000014,ok,100000,99999,149,-0.2238248586654663,0.5198346376419067,27.613879876108154,2694.1176791965363,175.89992880821228,154.8461034352586,33149.507041533645,693.4539353426828,0.3467269676713414,0.9859175646038463,0.37967871671138564,65.71088901652928,0.8614262598242998,149,2.773006210476371,1.3444965473532704,149,0.6026168818418204,0.5729145934330513,0.00023501683727769921,0.002001000500250125,0.0015007503751875938,43,9,140,0.9773635208005261,0.98582966899287,0.7717718368545871,11.572770393206746,0.8727751096922024,9,0.3793557759629102,65.92684759764118,0.8480776811140233,140,True,True,True
/home/hpc/Desktop/resonant_swarm_runs/position_records/N300/kappa_2p5/okappa_1p8/pos_rep15_seed30000015.npz,300,2.5,1.8,15,30000015,ok,100000,99999,149,0.10186773538589478,0.5603057742118835,20.559323128608163,2174.7683491240837,168.92539858818054,154.24153308945014,26245.481768353387,696.8874165765284,0.3484437082882642,0.9712360127938959,0.3323796114899136,84.07788617264055,0.7389009020410344,149,2.763981616426394,1.3905157379508748,149,0.43856005787727786,0.4212427782859847,0.0004364598406585843,0.0065032516258129065,0.003901950975487742,35,6,143,0.9791699216337426,0.9695452306839735,0.5729332995576422,30.64708127153583,0.8566109085713012,6,0.334017428451089,84.35531062806545,0.7235699284189099,143,True,True,True
/home/hpc/Desktop/resonant_swarm_runs/position_records/N300/kappa_2p5/okappa_1p8/pos_rep16_seed30000016.npz,300,2.5,1.8,16,30000016,ok,100000,99999,149,0.020087795332074165,0.5771094560623169,11.643798147084429,1110.2613311949474,173.60782027244568,111.42650123728463,11685.603141178126,684.6412240686107,0.3423206120343053,0.9431291890824142,0.3286689605348689,75.14024520023135,0.6787802106146243,149,2.6455757628932304,1.367045461414534,149,0.3962846787260301,0.41771603207764185,0.00031223665524037186,0.004502251125562781,0.00400200100050025,26,6,143,0.9411781088306285,0.9423362438265923,0.3606977220174053,72.96150947579243,0.7831954310132236,6,0.3237189214769855,75.04303126369575,0.6388710874186967,143,True,True,True
/home/hpc/Desktop/resonant_swarm_runs/position_records/N300/kappa_2p5/okappa_1p8/pos_rep17_seed30000017.npz,300,2.5,1.8,17,30000017,ok,100000,99999,149,0.03856536000967026,0.5613760948181152,29.292957868502043,2809.7059107877835,167.7463173866272,185.71913798934634,36751.13856411111,682.8725984725809,0.34143629923629043,0.9686668551296498,0.3605002755001199,76.08001360615191,0.7578296130040655,149,2.620122804721972,1.3229078120443614,149,0.329803603540963,0.41492153178734276,0.0005841847098045668,0.007503751875937969,0.0030015007503751876,56,10,139,0.982726274965683,0.9711886574963231,0.5026423359234619,53.02021291066503,0.9819244071519144,10,0.34839170257103036,76.48881757325076,0.7272588506054222,139,True,True,True
/home/hpc/Desktop/resonant_swarm_runs/position_records/N300/kappa_2p5/okappa_1p8/pos_rep18_seed30000018.npz,300,2.5,1.8,18,30000018,ok,100000,99999,149,-0.10189300030469894,0.5593111515045166,21.685068326964725,2211.142696800596,171.79779410362244,151.91838022982196,26838.474523342662,682.599126624074,0.341299563312037,0.975903966911384,0.34165830525458085,76.84464534364564,0.7189230158590503,149,2.6610792009809696,1.294824939746621,149,0.23713187014922435,0.2335429080194538,0.0002685906711745134,0.00400200100050025,0.002001000500250125,38,7,142,0.962282760872005,0.9762332641458643,0.4100766216622864,54.103660971680824,0.9527889215807794,7,0.34458079491006555,77.41033175947007,0.7193727417378091,142,True,True,True
/home/hpc/Desktop/resonant_swarm_runs/position_records/N300/kappa_2p5/okappa_1p8/pos_rep19_seed30000019.npz,300,2.5,1.8,19,30000019,ok,100000,99999,149,-0.21653081476688385,0.5168043971061707,29.54967120074786,2599.097906294481,175.12748837471008,168.9404323668275,30256.330265636512,690.9794870682293,0.34548974353411466,0.9776961846577643,0.365653107762329,68.76673641619622,0.799783575156312,149,2.593762178823027,1.4156638755784718,149,0.30176528650133927,0.30699026934075085,0.0004364598406585843,0.007003501750875438,0.002001000500250125,49,10,139,0.9090574936808563,0.9797312237027309,0.3966348978378335,59.10575877013108,0.7599594776448134,10,0.3666745232447482,68.80716256515217,0.7791249060907812,139,True,True,True
/home/hpc/Desktop/resonant_swarm_runs/position_records/N400/kappa_2p5/okappa_1p8/pos_rep00_seed40000000.npz,400,2.5,1.8,0,40000000,ok,100000,99999,149,0.2412577122449875,0.49907681345939636,18.82344592743922,2337.775169185414,210.69681644439697,161.07024730313415,19840.820114841452,710.7323291490118,0.35536616457450587,0.9286139799306292,0.2948443254266395,99.09482859320059,0.5832593467333361,149,2.6646574059418207,1.3014100307968641,149,0.4846663026707379,0.47303210919219507,0.0003928138565927259,0.006003001500750375,0.004502251125562781,26,6,143,0.9841824926508832,0.9183638813531795,0.5265695138285305,37.47340659544676,0.9169465115577248,6,0.2940070831102771,99.27650451678748,0.5402582213683493,143,True,True,True
/home/hpc/Desktop/resonant_swarm_runs/position_records/N400/kappa_2p5/okappa_1p8/pos_rep01_seed40000001.npz,400,2.5,1.8,1,40000001,ok,100000,99999,149,0.11239639669656754,0.5460034012794495,17.431180133646816,2145.508071490604,219.0847635269165,140.05056873250032,17224.280525719943,682.2629782404856,0.3411314891202428,0.9382773706594281,0.28422010540359455,85.77550558266408,0.5531903921283554,149,2.74943276240344,1.4846582713832264,149,0.18718681713159252,0.1953418818943793,0.0003491678725268675,0.0050025012506253125,0.00400200100050025,34,6,143,0.9321917532105687,0.9399843087115908,0.22515323685261568,99.73187489675142,0.8980533046667232,6,0.28554687199326134,85.79499864336475,0.5360107346292529,143,True,True,True
/home/hpc/Desktop/resonant_swarm_runs/position_records/N400/kappa_2p5/okappa_1p8/pos_rep02_seed40000002.npz,400,2.5,1.8,2,40000002,ok,100000,99999,149,0.36961135268211365,0.4142668843269348,33.785096330618195,4133.93237229869,224.41556453704834,183.1190674454052,29213.59350639964,722.0061999100786,0.3610030999550393,0.9400505494787139,0.3201118990023096,85.61150570896162,0.7135494665857978,149,2.8766707995877137,1.4091709286937875,149,0.42045003545919785,0.45470237870320646,0.0005136796586212569,0.007503751875937969,0.002701350675337668,45,7,142,0.9981831751335096,0.9336214855305071,0.693362393922391,17.415386591075517,0.982556791831816,7,0.3142126999423145,85.98156324752672,0.6867433160533785,142,True,True,True
/home/hpc/Desktop/resonant_swarm_runs/position_records/N400/kappa_2p5/okappa_1p8/pos_rep03_seed40000003.npz,400,2.5,1.8,3,40000003,ok,100000,99999,149,0.12636059522628784,0.5447620153427124,25.230555238214716,3460.949166171495,221.44184112548828,163.20832992307325,23894.090784365835,696.8650260754514,0.3484325130377257,0.9229816265462227,0.32333719722575305,90.11324261038443,0.6857279376774972,149,2.731806895923668,1.4057687233687126,149,0.7564018583375302,0.6449572783623232,0.00011079365185948678,0.0015007503751875938,0.0010005002501250625,26,6,143,0.8703279851363515,0.926531968330903,0.4400011827494016,43.432052814214636,0.9103502157912267,6,0.33245600099403916,90.39810208117561,0.6688526734940288,143,True,True,True
/home/hpc/Desktop/resonant_swarm_runs/position_records/N400/kappa_2p5/okappa_1p8/pos_rep04_seed40000004.npz,400,2.5,1.8,4,40000004,ok,100000,99999,149,-0.1723964363336563,0.5297756791114807,35.27023071757574,4496.471682322955,223.23708534240723,188.93094074997583,33902.571594351364,714.2085501199559,0.35710427505997794,0.9586464940740165,0.3159355923537726,90.65295852935584,0.7229300764797102,149,2.8251564901169672,1.3961132284935713,149,0.7078398615499388,0.6389353307621859,0.0002853775881229205,0.0030015007503751876,0.0015007503751875938,40,16,133,0.9490143442384467,0.9400453334127256,0.9696748526816374,3.7173573419051475,0.9012988297451403,16,0.30608412465077267,91.0650388509488,0.6276110803992971,133,True,True,True
/home/hpc/Desktop/resonant_swarm_runs/position_records/N400/kappa_2p5/okappa_1p8/pos_rep05_seed40000005.npz,400,2.5,1.8,5,40000005,ok,100000,99999,149,0.5522933602333069,0.2591788172721863,16.037779140454912,1960.3260217276836,213.33599090576172,133.07290794592066,15105.671326554959,673.6661996124915,0.33683309980624576,0.9270747694573699,0.2814866328650747,87.29399528214618,0.5661339121085445,149,2.667840257980167,1.2675148470238262,149,0.5857996718631076,0.5241210237988917,0.00038274170642368157,0.005502751375687844,0.0050025012506253125,26,5,144,0.982585703774418,0.9192776368360912,0.6785798345403221,14.990086062401751,0.9257378054722535,5,0.28500418906348873,87.47757810203777,0.5344134620729738,144,True,True,True
/home/hpc/Desktop/resonant_swarm_runs/position_records/N400/kappa_2p5/okappa_1p8/pos_rep06_seed40000006.npz,400,2.5,1.8,6,40000006,ok,100000,99999,149,-0.1454651653766632,0.5344046950340271,37.817387978840095,4564.936691664814,224.2687463760376,195.31609388085081,32416.056074389446,714.4323407644463,0.35721617038222314,0.9591918518897163,0.3004694884319865,94.20040787543292,0.7325078277457668,149,2.797016153215908,1.2009450006823588,149,0.6329516331339802,0.6037854140536721,0.0005002501250625312,0.005502751375687844,0.0030015007503751876,41,8,141,0.9459813835611365,0.9547094777219985,0.5615289194325805,30.129354299235644,0.9481235361884448,8,0.2947368743522065,94.47331252890548,0.6994188427087231,141,True,True,True
/home/hpc/Desktop/resonant_swarm_runs/position_records/N400/kappa_2p5/okappa_1p8/pos_rep07_seed40000007.npz,400,2.5,1.8,7,40000007,ok,100000,99999,149,-0.42184871435165405,0.3792411684989929,11.542660409222114,1433.0464262320916,223.40595722198486,135.91558285902084,12789.108261427282,717.6753087383545,0.35883765436917725,0.8789409545894283,0.28099113085099714,94.34022405157332,0.4317858177198457,149,2.677949690560149,1.2734930027584561,149,0.5658089837174932,0.4845315199447302,9.064935152139827e-05,0.0025012506253126563,0.0015007503751875938,15,4,145,0.9995801762662848,0.8387964298978277,0.5218383438601241,38.02755606848815,0.9663406132479336,4,0.26911686885134806,94.6864085998551,0.36104298859682793,145,True,True,True
/home/hpc/Desktop/resonant_swarm_runs/position_records/N400/kappa_2p5/okappa_1p8/pos_rep08_seed40000008.npz,400,2.5,1.8,8,40000008,ok,100000,99999,149,-0.03807864710688591,0.5679585337638855,20.973606550465995,3018.418992047266,221.708083152771,147.0037654339712,22216.1787658331,694.6826467084852,0.3473413233542426,0.9484802244024146,0.3222644797918494,89.65702281590714,0.6733194380595475,149,2.8146827031218504,1.3634882595965019,149,0.7460483683674023,0.6743072361884268,0.00011415103524916821,0.0015007503751875938,0.0015007503751875938,22,6,143,0.9926928752520059,0.9339112464917929,0.7366595265102301,11.708338369452619,0.9592797371107452,6,0.32393511560815313,89.96783731042092,0.6251837716663909,143,True,True,True
/home/hpc/Desktop/resonant_swarm_runs/position_records/N400/kappa_2p5/okappa_1p8/pos_rep09_seed40000009.npz,400,2.5,1.8,9,40000009,ok,100000,99999,149,-0.06694229692220688,0.5554088950157166,28.215445186817806,3782.2507175236665,222.26827144622803,154.83635071848468,25447.83002928178,700.1570923682493,0.35007854618412465,0.9579628746054293,0.31815182877603987,82.04167865485752,0.7158726939935172,149,2.7135180807591555,1.3582874525134465,149,0.33781314735200385,0.29961519703652173,0.00023501683727769924,0.00400200100050025,0.0015007503751875938,31,9,140,0.878090679861433,0.9649666596909536,0.5346657657969753,28.68314218035758,0.8944354858114886,9,0.3242184936078077,82.73339012239137,0.698798046534314,140,True,True,True
/home/hpc/Desktop/resonant_swarm_runs/position_records/N400/kappa_2p5/okappa_1p8/pos_rep10_seed40000010.npz,400,2.5,1.8,10,40000010,ok,100000,99999,149,0.04877613112330437,0.5504677295684814,26.864321640498886,3413.239687750072,216.59209728240967,162.41388715616793,25703.89428447443,680.9386304031782,0.3404693152015891,0.9746537632098478,0.30736911209462064,84.32590112585558,0.7165480557462987,149,2.751820542142344,1.3124397004324992,149,0.34800315510248786,0.312308745036483,0.0005405387257387083,0.011005502751375688,0.00400200100050025,39,7,142,0.9901455570655074,0.9740791015354519,0.5447140432240934,29.235863344980714,0.9631171285111382,7,0.3105403123681845,85.06008870551837,0.7136303607375304,142,True,True,True
/home/hpc/Desktop/resonant_swarm_runs/position_records/N400/kappa_2p5/okappa_1p8/pos_rep11_seed40000011.npz,400,2.5,1.8,11,40000011,ok,100000,99999,149,0.3436861038208008,0.4365532696247101,21.42856841556878,2912.213503681361,218.35906505584717,146.92007012737807,22576.110060797855,687.5622610704884,0.3437811305352442,0.9386725680056518,0.31293966458379213,82.53936470193635,0.6062823921699204,149,2.6407614981499625,1.3065684499110486,149,0.5557404663951093,0.49016724745301116,0.0002820202047332391,0.0030015007503751876,0.002001000500250125,34,9,140,0.9107635758438263,0.9390102002818131,0.5252037778765348,30.860675356824636,0.9007898210378932,9,0.31775045155176296,83.27779329734969,0.5698064662840296,140,True,True,True
/home/hpc/Desktop/resonant_swarm_runs/position_records/N400/kappa_2p5/okappa_1p8/pos_rep12_seed40000012.npz,400,2.5,1.8,12,40000012,ok,100000,99999,149,0.15872439742088318,0.5326438546180725,29.809404266748153,4084.132602252352,225.28700828552246,167.306390818544,29363.46688677753,714.615792319949,0.3573078961599745,0.9605509267794725,0.3150212761216208,84.74637675594796,0.7077016171867172,149,2.6924875733547395,1.3573462284946045,149,0.5067507227786633,0.43322100007809533,0.00024173160405706207,0.00400200100050025,0.0015007503751875938,34,12,137,0.8987490984201153,0.9633611157949287,0.5446232054604291,28.21007649077851,0.7315864748925309,12,0.31657170593389544,85.10564332275032,0.6528591635719246,137,True,True,True
/home/hpc/Desktop/resonant_swarm_runs/position_records/N400/kappa_2p5/okappa_1p8/pos_rep13_seed40000013.npz,400,2.5,1.8,13,40000013,ok,100000,99999,149,0.10052399337291718,0.5484374165534973,27.87881975387217,3475.391206787864,226.7897367477417,173.7540863502322,24752.824929234157,684.1732938165691,0.34208664690828455,0.9396890501345735,0.28053187077183644,95.91499620079945,0.645488956667766,149,2.8422720508666446,1.2223146384616246,149,0.5274970190429816,0.5237805506680747,0.0002954497382919647,0.0025012506253126563,0.002001000500250125,39,7,142,0.9607974195772064,0.9446138508798929,0.6567885983396413,23.8363752044935,0.8671109708463286,7,0.2774253952126843,96.32329806212266,0.6292455797308688,142,True,True,True
/home/hpc/Desktop/resonant_swarm_runs/position_records/N400/kappa_2p5/okappa_1p8/pos_rep14_seed40000014.npz,400,2.5,1.8,14,40000014,ok,100000,99999,149,0.029279667884111404,0.562163233757019,26.49910610884853,3667.5786739406435,223.23603630065918,164.65830454335963,26340.38077070675,680.4022653772946,0.3402011326886473,0.9647453685448175,0.31665970603390153,91.27774037637134,0.7266386118817441,149,2.7804913105196025,1.2629864679425367,149,0.5264469078921108,0.5163999827331209,0.00022494468710865497,0.003501750875437719,0.0025012506253126563,31,6,143,0.9972925519593987,0.9572597754558679,0.7605106308087154,11.46770312942152,0.995436446486795,6,0.313528869092295,91.53848446165608,0.6921926828461061,143,True,True,True
/home/hpc/Desktop/resonant_swarm_runs/position_records/N400/kappa_2p5/okappa_1p8/pos_rep15_seed40000015.npz,400,2.5,1.8,15,40000015,ok,100000,99999,149,-0.42509031295776367,0.37808409333229065,21.92684294259013,2923.5845862465053,216.25406742095947,156.13465709389138,20518.24060169826,705.9364441470404,0.35296822207352024,0.9434478177217377,0.3114863859651316,91.54341591113337,0.6738773302302972,149,2.7551927883208007,1.3830530099363214,149,0.505215360225176,0.4429812572495265,0.00018801346982215937,0.002001000500250125,0.0015007503751875938,31,6,143,0.9824183973363767,0.9374918570251279,0.43548404045458916,50.06119152318335,0.9333648218296753,6,0.31449051217113916,91.96005472470074,0.6537337189671582,143,True,True,True
/home/hpc/Desktop/resonant_swarm_runs/position_records/N400/kappa_2p5/okappa_1p8/pos_rep16_seed40000016.npz,400,2.5,1.8,16,40000016,ok,100000,99999,149,-0.5333561301231384,0.27727577090263367,14.861716325676081,1918.0149584069013,208.56287479400635,134.6290042217383,14016.312753142041,695.6225301466657,0.3478112650733328,0.9271713312097181,0.2984423769349629,91.4813696243861,0.5879334019043589,149,2.7013523406879667,1.242853440277367,149,0.626911729922549,0.613660661450108,0.00023501683727769924,0.004502251125562781,0.003451725862931465,18,3,146,0.9158696498211943,0.9204691770748351,0.3560613974735087,74.3095012344685,0.7303935631906213,3,0.29630159559023794,91.50292644253155,0.5519744155764326,146,False,True,True
/home/hpc/Desktop/resonant_swarm_runs/position_records/N400/kappa_2p5/okappa_1p8/pos_rep17_seed40000017.npz,400,2.5,1.8,17,40000017,ok,100000,99999,149,-0.005404121242463589,0.5637362599372864,28.337840229935395,3724.1777556478132,224.03464317321777,173.97172964447827,26929.844776821705,728.0557571136455,0.3640278785568228,0.954491314106885,0.296171632631316,96.55216540272339,0.6810954866361254,149,2.7895597586768606,1.3175167377555779,149,0.5162892851574826,0.508286561813518,0.0002048003867705665,0.002001000500250125,0.0015007503751875938,35,9,140,0.9951939943182208,0.948418950807672,0.522511178996625,39.11913875791658,0.9365096420048958,9,0.2912299975147706,97.14906621646026,0.6458313632586099,140,True,True,True
/home/hpc/Desktop/resonant_swarm_runs/position_records/N400/kappa_2p5/okappa_1p8/pos_rep18_seed40000018.npz,400,2.5,1.8,18,40000018,ok,100000,99999,149,0.43957969546318054,0.365768164396286,20.952106539578796,2648.070036630247,217.37163066864014,147.20337429854732,21127.808332222514,688.9745664401743,0.34448728322008715,0.9499532784920283,0.315033070265947,84.37524753972905,0.6810991608160595,149,2.8107382343849245,1.3320188671136284,149,0.5126592754278777,0.5122229387768995,0.0003894564732030444,0.0050025012506253125,0.0038269134567283634,30,5,144,0.9910407698635673,0.9489645461230338,0.4143791529835846,50.95782698128911,0.9890791716916866,5,0.3187114585501611,84.45209144137766,0.6614188626436017,144,True,True,True
/home/hpc/Desktop/resonant_swarm_runs/position_records/N400/kappa_2p5/okappa_1p8/pos_rep19_seed40000019.npz,400,2.5,1.8,19,40000019,ok,100000,99999,149,0.19541558623313904,0.5248593688011169,29.28975221557205,4180.726034737331,231.10973834991455,171.67335184549225,29147.839264319373,688.8804594006731,0.34444022970033655,0.9609416868230037,0.3184979668597858,88.15172691933529,0.6773077879835491,149,2.7596930833711086,1.4595115845714994,149,0.36894021389224746,0.3806701283917344,0.00041295815693081437,0.004502251125562781,0.003501750875437719,38,9,140,0.9944087334849698,0.9540892757020226,0.5816975136561001,29.491032738714924,0.9651630665821661,9,0.3158685361301136,89.05090500370372,0.6506443950159546,140,True,True,True
/home/hpc/Desktop/resonant_swarm_runs/position_records/N500/kappa_2p5/okappa_1p8/pos_rep00_seed50000000.npz,500,2.5,1.8,0,50000000,ok,100000,99999,149,-0.08105571568012238,0.5368260741233826,30.583747077206674,4632.229810705838,273.62242341041565,186.56471211571156,23765.133251241376,716.2230938172374,0.35811154690861874,0.8987621057175689,0.2810412572829785,101.17117000895972,0.5809576085574033,149,2.817907742860858,1.2815794527039819,149,0.35798404345742374,0.32482199168536163,0.00047674844133476125,0.0080040020010005,0.005502751375687844,33,6,143,0.9898865235041477,0.8875865079090614,0.5436391296332939,30.54312636752721,0.9441429247199126,6,0.2817825622894089,101.40219228833226,0.5549155449700715,143,True,True,True
/home/hpc/Desktop/resonant_swarm_runs/position_records/N500/kappa_2p5/okappa_1p8/pos_rep01_seed50000001.npz,500,2.5,1.8,1,50000001,ok,100000,99999,149,0.2881619930267334,0.4622715413570404,32.03307082716395,5312.152790025823,270.0827717781067,185.00757460455236,25010.54280294377,713.9188901832836,0.3569594450916418,0.948596400927278,0.2779915392064404,109.740314701291,0.6915745203866874,149,2.8123082833324458,1.2927202902225967,149,0.707622690854462,0.643237521832427,0.0001510822525356638,0.0025012506253126563,0.0015007503751875938,26,6,143,0.9953215849279717,0.9383712192915871,0.9862040614952142,2.840715194750146,0.9932734512261724,6,0.2784192233647343,109.85534151026977,0.6505731631919113,143,True,True,True
/home/hpc/Desktop/resonant_swarm_runs/position_records/N500/kappa_2p5/okappa_1p8/pos_rep02_seed50000002.npz,500,2.5,1.8,2,50000002,ok,100000,99999,149,0.5637989640235901,0.23359942436218262,26.57204681336286,4423.682596866762,264.0726864337921,171.89009547692376,22445.937932124998,707.3271611685191,0.3536635805842595,0.9282001108546389,0.27793692858629715,103.75583183878003,0.6053392181683873,149,2.8536911361620056,1.1987145634680574,149,0.644869515714236,0.5644948351377872,0.00011079365185948678,0.0010005002501250625,0.0010005002501250625,26,7,142,0.9402860169612748,0.9280559598477577,0.5709844133796111,23.02487397149987,0.9721245379787378,7,0.29490028956475717,104.42445121654247,0.6172922350305907,142,True,True,True
/home/hpc/Desktop/resonant_swarm_runs/position_records/N500/kappa_2p5/okappa_1p8/pos_rep03_seed50000003.npz,500,2.5,1.8,3,50000003,ok,100000,99999,149,-0.26472100615501404,0.4850330054759979,32.50434206530683,5604.638724575593,272.49279618263245,172.9073039725027,27892.234855024144,697.0715900871014,0.3485357950435507,0.9488354832245499,0.3021496412606462,93.3414045279125,0.675178351457731,149,2.77019972809443,1.237927548947187,149,0.49934649565697936,0.4438315644112365,0.00016451178609438945,0.0025012506253126563,0.0015007503751875938,30,7,142,0.9601678608344582,0.9471876241077243,0.585322934384264,20.766168101234847,0.7003464090365279,7,0.3140601875139188,93.91058342841855,0.6806068084588481,142,True,True,True
/home/hpc/Desktop/resonant_swarm_runs/position_records/N500/kappa_2p5/okappa_1p8/pos_rep04_seed50000004.npz,500,2.5,1.8,4,50000004,ok,100000,99999,149,0.4807685613632202,0.3172626495361328,23.026701714530986,3840.0061121335284,275.0568985939026,164.72284773445676,21040.720324650578,714.5748513903889,0.35728742569519445,0.9010924786908172,0.2914081449945637,97.76742662471834,0.5593838418082406,149,2.7093245019114884,1.2412487862273383,149,0.39733172811586315,0.37411636644686136,0.00018465608643247796,0.0050025012506253125,0.0015007503751875938,24,8,141,0.9729695156050914,0.8685704657131994,0.5323925508657293,31.605274623508333,0.7861097164628157,8,0.29057212778680697,98.21024565126514,0.4934447867392949,141,True,True,True
/home/hpc/Desktop/resonant_swarm_runs/position_records/N500/kappa_2p5/okappa_1p8/pos_rep05_seed50000005.npz,500,2.5,1.8,5,50000005,ok,100000,99999,149,0.6497688293457031,0.1355922818183899,10.360599829871582,1623.7667765393585,256.38294219970703,136.19087924343427,8903.18626759742,702.4456737927312,0.35122283689636563,0.8402321421965977,0.3117014866325296,102.00902763098725,0.5270158955568154,149,2.8154208696310956,1.347149697541647,149,0.27555612435650767,0.32980967889366597,0.00011079365185948678,0.00400200100050025,0.00400200100050025,10,3,146,-0.1573056466919263,0.8441804569185977,-0.2566908388095514,500.26418286401366,0.023655556783401033,3,0.31676139926472213,102.09731782701554,0.5120218931727564,146,False,True,True
/home/hpc/Desktop/resonant_swarm_runs/position_records/N500/kappa_2p5/okappa_1p8/pos_rep06_seed50000006.npz,500,2.5,1.8,6,50000006,ok,100000,99999,149,0.11974717676639557,0.5393421053886414,18.67859093152024,3227.4371354928203,257.29507207870483,162.4978063806424,18438.72544106599,670.7886104725103,0.33539430523625513,0.8871568690463456,0.2931538623606778,105.36251220536349,0.5244707650551295,149,2.856329645302697,1.297938512312373,149,0.42381946933267495,0.4332358330894303,0.00014436748575630094,0.004502251125562781,0.002001000500250125,20,4,145,0.9998380478271733,0.8907587526437745,0.7910997104487723,14.645291980665478,0.9983466510330399,4,0.3010942452063416,105.95448203169795,0.5286243854484582,145,True,True,True
/home/hpc/Desktop/resonant_swarm_runs/position_records/N500/kappa_2p5/okappa_1p8/pos_rep07_seed50000007.npz,500,2.5,1.8,7,50000007,ok,100000,99999,149,-0.3911258578300476,0.39915281534194946,11.26535063579791,1736.9462415632672,237.3981922864914,148.66020104951045,13468.162347366351,748.9935722372757,0.37449678611863785,0.8583356240858232,0.3169747043451075,101.04982667515597,0.4946904498750101,149,2.76811717760455,1.2983246237165247,149,0.6688024179027118,0.6402141818665427,0.00022158730371897361,0.003501750875437719,0.002901450725362681,17,3,146,0.999831226765722,0.8056395576263023,0.6841116890089007,17.67197767984761,0.9971949999180756,3,0.31138418028014764,101.17898053911719,0.423971920351216,146,False,True,True
/home/hpc/Desktop/resonant_swarm_runs/position_records/N500/kappa_2p5/okappa_1p8/pos_rep08_seed50000008.npz,500,2.5,1.8,8,50000008,ok,100000,99999,149,-0.22533318400382996,0.5008460879325867,12.297659726413404,2024.9607621374425,258.4330439567566,147.28143323436635,10680.530577355026,676.8905416874219,0.33844527084371095,0.8813469655810516,0.2459900963754642,108.14358888811319,0.40964480132563297,149,2.826500426503687,1.229380264141365,149,0.3202470387758997,0.23514113161609082,0.0002148725369396108,0.00400200100050025,0.0038769384692346172,16,3,146,0.5956254669502055,0.8826659987257907,3.7612913634736658,0.006106199678168859,0.35316126432063266,3,0.26081471678586743,108.52380644998378,0.44038215650790025,146,False,True,True
/home/hpc/Desktop/resonant_swarm_runs/position_records/N500/kappa_2p5/okappa_1p8/pos_rep09_seed50000009.npz,500,2.5,1.8,9,50000009,ok,100000,99999,149,0.4742549657821655,0.3223949670791626,18.589233769800813,3132.7348513241054,275.4381000995636,162.2557096191865,16044.54279152482,712.0913850643324,0.35604569253216617,0.8825492304026287,0.2527164918843835,107.97480222804175,0.45132831775866256,149,2.7005025618232756,1.2953573011278912,149,0.6359034361926725,0.5600827819664906,0.0003189514220197347,0.005502751375687844,0.0030015007503751876,21,8,141,0.9578455056159564,0.826352302321054,0.495528123154165,38.76619408798142,0.9417716701589879,8,0.23761541588417304,108.86969335031367,0.3360676313515636,141,True,True,True
/home/hpc/Desktop/resonant_swarm_runs/position_records/N500/kappa_2p5/okappa_1p8/pos_rep10_seed50000010.npz,500,2.5,1.8,10,50000010,ok,100000,99999,149,0.020924672484397888,0.5393495559692383,27.43759531576199,3759.3365602749227,278.12913060188293,171.37271424350956,18027.734680508605,693.4609368010015,0.34673046840050076,0.9285358289474598,0.2633494663238168,99.79608050260255,0.6416523778441302,149,2.8590033780139823,1.3001623166808327,149,0.23074844724230972,0.21980992710564204,0.0003659547894752746,0.009004502251125562,0.0025012506253126563,32,6,143,0.8569327473533324,0.9329685946298578,0.4036531009310348,46.826762436407975,0.7390487103536436,6,0.26921335761254195,99.91459704501823,0.6333903257314002,143,True,True,True
/home/hpc/Desktop/resonant_swarm_runs/position_records/N500/kappa_2p5/okappa_1p8/pos_rep11_seed50000011.npz,500,2.5,1.8,11,50000011,ok,100000,99999,149,-0.028273822739720345,0.5454874038696289,32.169346770876395,4973.519566278091,268.5152590274811,187.1068149575414,25252.66998598273,726.9927292223556,0.3634963646111778,0.935143978171986,0.2759510956022662,107.28639756670546,0.66279667098758,149,2.7959052157874034,1.2758093947771554,149,0.5200679066545427,0.5258766661406927,0.00037602693964431885,0.006003001500750375,0.00510255127563782,29,5,144,0.9535299540796004,0.927498787921145,0.593907138437307,24.334905211111135,0.9028185243409725,5,0.2721641297983213,107.41356652004201,0.6266110508227389,144,True,True,True
/home/hpc/Desktop/resonant_swarm_runs/position_records/N500/kappa_2p5/okappa_1p8/pos_rep12_seed50000012.npz,500,2.5,1.8,12,50000012,ok,100000,99999,149,0.06534597277641296,0.5380187630653381,47.89062871557861,7274.526128462475,269.1914439201355,193.76308434877632,33238.88802073591,714.5617789391517,0.35728088946957587,0.9590307098505344,0.3200381951277933,83.13570847483875,0.7959228352515285,149,2.7767407323820663,1.380931968311421,149,0.5097077651575634,0.4867000342760687,0.00042303030709985864,0.003501750875437719,0.0030015007503751876,45,10,139,0.9440199425542096,0.9576211104761837,0.4624424957406702,42.63279391240956,0.9773538431735048,10,0.31834421101543914,83.61973353640741,0.7728179168330219,139,True,True,True
/home/hpc/Desktop/resonant_swarm_runs/position_records/N500/kappa_2p5/okappa_1p8/pos_rep13_seed50000013.npz,500,2.5,1.8,13,50000013,ok,100000,99999,149,-0.13988491892814636,0.5340233445167542,34.74569876249348,5771.883561534649,272.877961397171,194.72004112911924,30491.762492708192,744.6957275033577,0.37234786375167883,0.9211811949034979,0.3161833678999738,99.97909093968875,0.6417670526559303,149,2.8475136940552255,1.4742673993157518,149,0.5500051690307742,0.5239149479380611,0.00024173160405706207,0.004502251125562781,0.0025012506253126563,30,6,143,0.9084073257813742,0.9114567288069757,0.6419070983362579,18.02858672613264,0.6929760585612826,6,0.31937373590067475,100.05487560295254,0.6089338135938966,143,True,True,True
/home/hpc/Desktop/resonant_swarm_runs/position_records/N500/kappa_2p5/okappa_1p8/pos_rep14_seed50000014.npz,500,2.5,1.8,14,50000014,ok,100000,99999,149,0.19990170001983643,0.5085681080818176,25.448502697505294,4651.773171708356,270.1953053474426,161.33731515064525,21526.703298752516,679.1123784308461,0.339556189215423,0.9226809612869782,0.29816728667193837,93.391248594891,0.6072865485760099,149,2.766900341181901,1.193036261739292,149,0.604620953100773,0.5684801990337551,0.00012086580202853103,0.0025012506253126563,0.0010005002501250625,22,5,144,0.8770109653258916,0.915615513835453,0.6201345074922425,18.800412223575616,0.8719085107735846,5,0.2986720474947358,93.52307611980255,0.5645224690750981,144,True,True,True
/home/hpc/Desktop/resonant_swarm_runs/position_records/N500/kappa_2p5/okappa_1p8/pos_rep15_seed50000015.npz,500,2.5,1.8,15,50000015,ok,100000,99999,149,-0.02180984616279602,0.5502507090568542,22.297257011765677,3669.00017102646,270.9929347038269,155.38525760912208,19182.65208739028,737.7303309489315,0.36886516547446574,0.9413447696582242,0.29613495128825806,97.81746189044424,0.67193691596042,149,2.8729973069086903,1.2631252770100105,149,0.4513591459571789,0.49915804606727676,0.000265233287784832,0.009004502251125562,0.0015007503751875938,21,6,143,0.928044436943768,0.9218037754567456,0.832567470997604,6.90094860196228,0.8252874410074402,6,0.2893887020475323,97.9481818835756,0.5953671003800516,143,True,True,True
/home/hpc/Desktop/resonant_swarm_runs/position_records/N500/kappa_2p5/okappa_1p8/pos_rep16_seed50000016.npz,500,2.5,1.8,16,50000016,ok,100000,99999,149,-0.0462801568210125,0.552458643913269,17.419784411673916,2759.1450713484196,275.7209241390228,145.3541226875218,15063.22474086202,711.2682766507144,0.3556341383253572,0.8913669438417419,0.26471852192225337,95.87171040872188,0.4858142923708737,149,2.8063557323092905,1.3886122487946626,149,0.6188363752803258,0.5908223508454227,0.00018465608643247796,0.003501750875437719,0.0015007503751875938,23,6,143,0.9032187498749615,0.8297100622906399,0.698047131609583,13.630549497825989,0.7704094570137903,6,0.24034775221613125,96.45685819191438,0.3601148906710234,143,True,True,True
/home/hpc/Desktop/resonant_swarm_runs/position_records/N500/kappa_2p5/okappa_1p8/pos_rep17_seed50000017.npz,500,2.5,1.8,17,50000017,ok,100000,99999,149,0.33885636925697327,0.43001672625541687,28.906164108970884,4892.606818885788,268.9632177352905,166.6498693989377,23641.22811312288,706.5725654448684,0.3532862827224342,0.9492790377159807,0.30124843227810694,93.83611635475467,0.6836961164084352,149,2.808402071283197,1.3212679193120682,149,0.5714245742875994,0.5434412102496888,0.00027194805456419484,0.004502251125562781,0.003501750875437719,28,6,143,0.8433847042722167,0.9453353390312149,0.45720031521309973,44.62100436716484,0.6522143336363362,6,0.2978620274296824,93.9771139086561,0.6328372980011199,143,True,True,True
/home/hpc/Desktop/resonant_swarm_runs/position_records/N500/kappa_2p5/okappa_1p8/pos_rep18_seed50000018.npz,500,2.5,1.8,18,50000018,ok,100000,99999,149,0.031882986426353455,0.5570719838142395,15.793733061846009,2751.2255848278924,273.93218874931335,150.423610917116,14951.8720784548,695.7071939976063,0.34785359699880314,0.8713969231191987,0.30361578879261975,104.82107609683067,0.5408990353018155,149,2.846829833933092,1.2642379885767032,149,0.7904799980323625,0.6626733066077166,0.00016451178609438948,0.003501750875437719,0.003501750875437719,13,3,146,0.9978924230102696,0.8425922270559052,0.9506553532636886,3.282548466393132,0.9974596883360388,3,0.311037488522809,104.9041202535742,0.5025021803389993,146,False,True,True
/home/hpc/Desktop/resonant_swarm_runs/position_records/N500/kappa_2p5/okappa_1p8/pos_rep19_seed50000019.npz,500,2.5,1.8,19,50000019,ok,100000,99999,149,0.12432631850242615,0.5406937003135681,12.101349359512604,2097.41855426142,273.37008714675903,135.59980812298082,11303.72937414531,698.6497252569213,0.3493248626284607,0.8781520029761376,0.26473629012357947,99.65571789808794,0.41838490112013893,149,2.7856664741036146,1.2419254166815743,149,0.6088060670107726,0.5375566274853215,5.036075084522126e-05,0.0010005002501250625,0.0010005002501250625,12,3,146,0.3466098804953904,0.8785460123474083,1.1053117957226084,6.141419198881285,0.1075328902428212,3,0.27150677689074393,99.74642530795523,0.41148339007302537,146,False,True,True
